{"_step":101,"Prediction results":{"height":1000,"_type":"image-file","sha256":"7384e313ae7f89fe48520489186527e88e0fa3016367c9d0a86c61335b8fa728","size":649405,"path":"media/images/Prediction results_101_7384e313ae7f89fe4852.png","format":"png","width":1500},"_timestamp":1.762919274576766e+09,"train_err":2298.1426513671877,"time":3.805395253933966,"129_h1":39.37021255493164,"_runtime":415,"lr":0,"avg_loss":45.96285302734375,"129_l2":16.245874404907227,"_wandb":{"runtime":415}}