{"129_l2":24.85661506652832,"avg_loss":49.97838037109375,"lr":0.0008644843137107057,"train_err":2498.9190185546877,"time":2.2357495739124715,"_wandb":{"runtime":59},"129_h1":45.63054275512695,"_runtime":59,"_timestamp":1.7629129758305743e+09,"_step":24}