{"129_l2":16.202491760253906,"Prediction results":{"size":650085,"path":"media/images/Prediction results_101_833d97bab4e9eb729fa9.png","format":"png","width":1500,"height":1000,"_type":"image-file","sha256":"833d97bab4e9eb729fa9656e19500edf90ec37d7f5ec0b6d10910550b1f8ee8d"},"_wandb":{"runtime":273},"lr":0,"_runtime":273,"time":2.415152264991775,"129_h1":39.471595764160156,"_step":101,"avg_loss":46.15789208984375,"train_err":2307.8946044921877,"_timestamp":1.7629147840497859e+09}