{"_wandb":{"runtime":234},"Prediction results":{"format":"png","width":1500,"height":1000,"_type":"image-file","sha256":"95b61ae646229b645c33a777ae3f7594b7a1be63c70fadd18f618529f07b1e66","size":649134,"path":"media/images/Prediction results_101_95b61ae646229b645c33.png"},"train_err":2472.675732421875,"_runtime":234,"lr":0,"129_l2":23.197046279907227,"time":2.196739088045433,"_step":101,"avg_loss":49.4535146484375,"129_h1":44.490867614746094,"_timestamp":1.7629121753501017e+09}