{"train_err":2310.429345703125,"_step":17,"129_h1":39.35179901123047,"lr":0.0009303710135019719,"time":3.6705948151648045,"_wandb":{"runtime":67},"_timestamp":1.7629130817961843e+09,"avg_loss":46.2085869140625,"_runtime":67,"129_l2":16.208181381225586}