{"Prediction results":{"height":1000,"_type":"image-file","sha256":"273f182bc2af6859004ae6cd4a8ef3090f374e6f369db4990eeea81581fc65ad","size":647453,"path":"media/images/Prediction results_101_273f182bc2af6859004a.png","format":"png","width":1500},"_runtime":381,"time":3.606673692120239,"129_l2":16.20289421081543,"train_err":9221.0412109375,"129_h1":39.31473159790039,"_step":101,"avg_loss":92.210412109375,"lr":0,"_timestamp":1.7629134756833615e+09,"_wandb":{"runtime":381}}