{"avg_loss":46.01117333984375,"Prediction results":{"width":1500,"height":1000,"_type":"image-file","sha256":"11fe428ecc3264b37acc849787b28bf83c8ceb620c624dd60fb0d389021b17fd","size":654696,"path":"media/images/Prediction results_101_11fe428ecc3264b37acc.png","format":"png"},"129_h1":39.36650848388672,"time":2.170270228991285,"_wandb":{"runtime":230},"_timestamp":1.7629127145063274e+09,"_step":101,"129_l2":16.209335327148438,"train_err":2300.5586669921877,"lr":0,"_runtime":230}