{"65_h1":38.632102966308594,"_timestamp":1.7629116588077433e+09,"_step":101,"Prediction results":{"width":1500,"height":1000,"_type":"image-file","sha256":"90d4e5fa0efd581b7e71dd147b1a901b535dd75c9cba336034524756f0be9ca9","size":178633,"path":"media/images/Prediction results_101_90d4e5fa0efd581b7e71.png","format":"png"},"train_err":2255.82861328125,"avg_loss":45.116572265625,"_runtime":71,"lr":0,"65_l2":16.049238204956055,"time":0.6106632750015706,"_wandb":{"runtime":71}}