{"_step":31,"129_l2":16.214582443237305,"129_h1":39.333213806152344,"lr":0.0007810416889260654,"_runtime":119,"avg_loss":46.1629482421875,"_wandb":{"runtime":119},"time":3.624674550956115,"_timestamp":1.7629128724713914e+09,"train_err":2308.147412109375}