{"avg_loss":92.214146484375,"lr":0.00021895831107393473,"_runtime":294,"129_h1":39.31900405883789,"_step":69,"129_l2":16.221723556518555,"_wandb":{"runtime":294},"train_err":9221.4146484375,"time":3.9068628288805485,"_timestamp":1.7629141925535436e+09}