{"_runtime":8,"train_err":41.27539138793945,"_timestamp":1.7628528079461172e+09,"_wandb":{"runtime":8},"lr":0,"65_l2":0.47520461678504944,"_step":100,"65_h1":0.6817022562026978,"time":1.114115964854136,"avg_loss":0.41275391387939453}