{"lr":0,"129_l2":69.25762939453125,"train_err":106.10035247802735,"_timestamp":1.7628598911212752e+09,"129_h1":179.82693481445312,"_step":100,"_runtime":663,"_wandb":{"runtime":663},"time":4.8871445609256625,"avg_loss":1.0610035247802734}